timestamp,trial_number,acc_loso,run_zscore,run_bandpass,norm_axis,flow,fhigh,lr_exp,lr,epochs,batch_size,n_steps_train,n_steps_eval,temporal_filters,depth_multiplier,pointwise_filters,temporal_kernel_div,separable_kernel_size,pool1_size,pool2_size,dropout,beta,spike_grad_slope
2026-06-14T18:38:49,0,0.529514,False,False,"(1, 2, 3)",2.4682858452908145,56.22391623165569,-3.7895170345912734,0.00016236,100,32,4,20,17,3,43,5,7,6,4,0.6609609972166247,0.8037857884002382,20.34562864472259
2026-06-14T18:48:36,1,0.574653,False,False,"(1, 3)",23.356010551018617,60.94779084322107,-3.7168970153984295,0.00019191,100,32,4,20,10,4,11,6,24,7,4,0.6589633666401492,0.6634742498645898,40.40878634215847
2026-06-14T19:02:15,2,0.244792,True,True,"(1, 2, 3)",24.630686051378447,63.654269883229716,-2.8093542832494545,0.00155112,100,32,4,20,26,1,56,4,9,5,8,0.5430876274200546,0.5541947818743984,75.35242634620535
2026-06-14T19:21:16,3,0.295139,False,True,"(1, 3)",13.889233912168306,22.526720332257838,-2.152212897767187,0.00704348,100,32,4,20,21,4,17,2,25,7,2,0.6162334885078464,0.7862734950793454,40.797692575918155
2026-06-14T19:34:14,4,0.461806,True,False,"(1, 2, 3)",12.7779043517933,100.50584763536473,-3.2467944750367588,0.00056651,100,32,4,20,14,2,52,3,17,3,2,0.391397133958278,0.6332125353683863,70.70609846318798
2026-06-14T19:46:56,5,0.428819,True,True,"(1, 3)",7.215265857763277,91.03924180224222,-3.5709658989767163,0.00026856,100,32,4,20,10,2,21,2,29,8,4,0.31498641079882733,0.7268989749080015,31.907933996801894
2026-06-14T19:57:23,6,0.246528,True,True,"(1, 3)",36.25120631426152,76.47162715913555,-3.615264243070933,0.00024251,100,32,4,20,15,1,27,4,20,3,3,0.2502344893669981,0.7586156746746663,9.565335142669197
2026-06-14T20:14:16,7,0.395833,True,False,"(1, 3)",32.314819767026705,78.33443297678838,-2.022390199162361,0.00949751,100,32,4,20,27,1,18,2,10,4,3,0.5211267966795502,0.5072521598858127,28.445380632753455
2026-06-14T20:23:49,8,0.253472,False,False,"(1, 2, 3)",37.03785202907072,57.90862727069407,-2.046695014311451,0.00898059,100,32,4,20,14,2,44,8,23,2,2,0.683664422025026,0.5620842480868046,83.08816087860026
2026-06-14T20:45:02,9,0.272569,True,True,"(1, 2, 3)",36.329058459268815,47.772127879018846,-3.2655088351457247,0.00054261,100,32,4,20,29,3,55,2,8,3,6,0.5553279932805859,0.54103325572638,95.8744208718459
2026-06-14T20:53:59,10,0.371528,False,True,"(1, 3)",2.8185914193757986,62.37988885986848,-2.3712227796618794,0.0042538,100,32,4,20,11,3,31,8,22,6,8,0.7001151962820126,0.6763819344869342,32.085709106014505
2026-06-14T21:04:57,11,0.286458,True,True,"(1, 2, 3)",34.06678799569532,84.83581889148056,-3.1266410492020853,0.00074707,100,32,4,20,15,3,11,7,9,2,5,0.11795562929716963,0.5195847426022299,18.074020909447583
2026-06-14T21:16:22,12,0.258681,False,True,"(1, 2, 3)",31.7343778570894,99.85335328314522,-4.202527977579166,6.273e-05,100,32,4,20,19,2,55,7,32,5,4,0.4163376933332287,0.7327959239275852,55.30579823810421
2026-06-14T21:25:51,13,0.392361,False,True,"(1, 3)",13.030303177716837,92.42923342009239,-2.0098675169654863,0.00977535,100,32,4,20,12,1,14,4,32,8,6,0.4325229776544526,0.969200026746863,42.200236361594236
2026-06-14T21:40:31,14,0.420139,False,True,"(1, 2, 3)",7.785089568350011,109.53807120338472,-2.4113590723797658,0.0038783,100,32,4,20,23,3,24,6,22,2,5,0.5362956409291361,0.9874645945891549,37.475717874096624
2026-06-14T21:58:17,15,0.449653,True,False,"(1, 3)",25.273115388987847,75.47780245343475,-2.602516018216278,0.00249738,100,32,4,20,20,3,47,2,17,2,6,0.5162700065766775,0.9687258933692571,32.496008596311235
2026-06-14T22:07:20,16,0.336806,False,True,"(1, 3)",20.08968635624159,68.84441626226655,-3.233907808051448,0.00058357,100,32,4,20,13,2,55,8,29,5,2,0.2506007829563415,0.6342473365754542,76.60461166996778
2026-06-14T22:19:49,18,0.446181,False,False,"(1, 2, 3)",15.427866021528724,38.682298989200625,-3.930316169428374,0.0001174,100,32,4,20,11,2,33,3,7,7,6,0.33351309707256444,0.8352241941112095,90.73744002769513
2026-06-14T22:31:20,19,0.262153,True,True,"(1, 3)",19.543609168575987,93.21097231316702,-3.6490078819867637,0.00022438,100,32,4,20,10,2,13,3,25,6,3,0.1918436681351357,0.9322114803108468,53.30749957748679
2026-06-14T22:40:51,20,0.513889,False,True,"(1, 2, 3)",10.11076150305402,73.62878562605131,-2.6921380216736406,0.00203171,100,32,4,20,14,1,39,5,15,4,2,0.49354872335372857,0.6161901926519874,12.52208985065
2026-06-14T22:48:38,21,0.564236,False,False,"(1, 3)",1.2636681375242578,11.136380603414407,-3.5808083824731174,0.00026254,100,32,4,20,4,4,29,5,19,6,7,0.3994911448192481,0.5853340209134427,69.45723716065982
2026-06-14T22:56:04,22,0.272569,True,True,"(1, 3)",25.77701535200163,39.76204905266545,-2.6000230623377947,0.00251175,100,32,4,20,5,2,27,7,29,2,3,0.26245287887721225,0.8590669608224908,38.16074266923401
2026-06-14T23:07:39,23,0.534722,False,True,"(1, 3)",4.077678993779947,38.740617020058686,-2.3441215674331577,0.00452771,100,32,4,20,23,1,12,6,8,3,8,0.4962176924267544,0.552157592944799,20.251146747470013
2026-06-14T23:20:43,24,0.265625,False,True,"(1, 3)",38.59019268404202,98.72708272424308,-2.9181380602423204,0.00120743,100,32,4,20,28,1,60,6,7,7,7,0.5491128399204586,0.5825294757292696,26.280706921884313
2026-06-14T23:38:51,25,0.607639,False,False,"(1, 2, 3)",3.532867938658205,89.05406466953491,-2.536406088777759,0.002908,100,32,4,20,26,4,34,4,18,5,7,0.29430698079582074,0.6494203343629266,14.208198626845244
2026-06-14T23:51:22,27,0.567708,True,False,"(1, 2, 3)",23.85742066210004,46.13509013453765,-2.23114425603759,0.00587294,100,32,4,20,20,2,48,5,19,6,4,0.1663699080577194,0.900622012293151,21.968459914177092
2026-06-15T00:05:26,28,0.239583,True,True,"(1, 3)",31.540088079746802,82.75213215887796,-2.197654842861731,0.00634374,100,32,4,20,15,2,47,2,24,8,7,0.3163790517401444,0.5936696692574883,86.14169901237109
2026-06-15T00:19:29,29,0.395833,False,False,"(1, 3)",19.590088441955146,23.825057313865216,-2.2649847710235993,0.00543269,100,32,4,20,18,2,28,3,23,2,8,0.2501753093486862,0.8393145640151045,56.934186106111234
2026-06-15T00:31:58,30,0.529514,False,False,"(1, 2, 3)",7.693385900895363,88.22231963150237,-4.15653651746446,6.974e-05,100,32,4,20,20,3,35,7,8,8,7,0.46647847209395843,0.7511226575655281,39.432596980917815
2026-06-15T00:48:50,31,0.46875,False,False,"(1, 2, 3)",31.728541374702267,60.782414659349655,-4.299820225230446,5.014e-05,100,32,4,20,20,4,10,3,14,6,8,0.2789603606565322,0.9889187225459033,98.82129464416647
2026-06-15T01:01:13,32,0.378472,False,False,"(1, 3)",5.383527375659935,100.06534597520877,-2.191147439831311,0.00643951,100,32,4,20,23,1,37,4,13,3,4,0.1859984141036929,0.7054386384712334,55.82615817080673
2026-06-15T01:18:17,33,0.496528,True,True,"(1, 3)",10.362225228200334,28.983726365052682,-4.368759696905942,4.278e-05,100,32,4,20,27,4,42,7,27,7,4,0.22871521573123763,0.7270563830489745,11.450827695748679
2026-06-15T01:38:25,34,0.397569,True,False,"(1, 2, 3)",8.723720978693109,103.78380605753891,-2.2662984993213104,0.00541628,100,32,4,20,32,2,57,2,24,4,4,0.7105219325826516,0.5855797693640419,65.95957118993528
2026-06-15T01:50:29,35,0.487847,False,False,"(1, 3)",34.965833695015405,81.74515726649514,-3.3237793597529257,0.00047448,100,32,4,20,9,2,15,2,18,8,3,0.46342817323756624,0.6952585466854703,49.054079520828985
2026-06-15T02:02:31,36,0.434028,True,False,"(1, 2, 3)",12.217089139581628,93.18069192098596,-2.4476320798096456,0.00356753,100,32,4,20,25,1,24,6,26,2,6,0.6810503128177002,0.5285871107346469,86.28537944954925
2026-06-15T02:15:36,37,0.550347,True,True,"(1, 3)",11.042996151399992,52.498670826314395,-4.137110146216241,7.293e-05,100,32,4,20,15,2,63,3,11,4,8,0.3425938126232545,0.8340477963811708,16.3155900538217
2026-06-15T02:30:42,38,0.496528,True,False,"(1, 3)",7.126098632790151,83.94466723028731,-4.017167997244021,9.612e-05,100,32,4,20,13,4,54,2,20,4,5,0.30170188448423274,0.7460321767288866,66.75130648881742
2026-06-15T02:43:50,40,0.269097,False,True,"(1, 2, 3)",27.69787863631946,43.45696281704603,-3.2156217834235123,0.00060866,100,32,4,20,20,3,12,8,32,5,5,0.17995386790177262,0.9213629920335227,13.687265107376824
2026-06-15T02:52:34,41,0.517361,False,False,"(1, 2, 3)",5.996599521537557,112.38786087055928,-2.403670362193029,0.00394757,100,32,4,20,11,3,31,8,5,8,6,0.5728311303945667,0.9804808812508814,45.699943524576966
2026-06-15T03:10:51,42,0.258681,True,True,"(1, 2, 3)",31.275591190968715,63.538202086216046,-2.6849389870687532,0.00206567,100,32,4,20,30,2,23,3,10,5,3,0.48678699859828145,0.6466354777396267,34.6995854736392
2026-06-15T03:18:13,43,0.272569,True,True,"(1, 2, 3)",22.28918541517796,78.93175387214033,-2.414294719450834,0.00385217,100,32,4,20,6,3,26,8,7,2,3,0.6122373693542689,0.802938881898713,58.84377774322241
2026-06-15T03:32:54,44,0.458333,False,False,"(1, 2, 3)",30.935844432091297,78.42695783865597,-3.0443169312956124,0.00090299,100,32,4,20,16,2,41,2,23,4,3,0.3514903217509662,0.5395925078707239,53.28284087423372
2026-06-15T03:46:31,45,0.465278,False,True,"(1, 2, 3)",12.219394828359652,94.18111203868281,-2.9961606693466223,0.00100888,100,32,4,20,13,2,21,2,7,4,6,0.43779665037915794,0.5065830460598992,25.36951903347316
2026-06-15T04:04:42,46,0.652778,True,False,"(1, 3)",2.245874872836509,89.28638980772622,-3.3909189868818688,0.00040652,100,32,4,20,27,4,48,5,5,2,8,0.4217506840677838,0.8186048843419502,5.004842822925686
2026-06-15T04:20:12,47,0.574653,True,False,"(1, 2, 3)",18.741992522187903,103.40298080100185,-3.550793156424578,0.00028132,100,32,4,20,30,2,56,6,6,3,8,0.44195489601179705,0.6568059344121258,51.03471188101117
2026-06-15T04:34:43,48,0.3125,True,True,"(1, 3)",14.11174356882818,82.78945744300744,-2.038087320888846,0.00916036,100,32,4,20,25,3,42,8,24,5,5,0.3122088385814633,0.7669616432568034,32.7385235984801
2026-06-15T04:45:48,49,0.305556,True,True,"(1, 3)",28.962701527343697,88.34689461304312,-3.4508992445238063,0.00035408,100,32,4,20,11,4,32,4,13,7,3,0.20458923170556503,0.7166049327142731,83.92756567917307
2026-06-15T05:00:10,50,0.508681,True,False,"(1, 2, 3)",2.9412152212573144,116.08244894785528,-4.048211919634797,8.949e-05,100,32,4,20,13,3,64,2,31,7,7,0.4525162812022895,0.9672096518966983,37.54720557029876
2026-06-15T05:15:51,51,0.263889,True,True,"(1, 2, 3)",19.596716083927067,92.58828364005468,-4.359808995289796,4.367e-05,100,32,4,20,30,2,14,5,26,7,7,0.31350967770580807,0.9457670247829697,24.659449139411002
2026-06-15T05:23:34,52,0.321181,False,True,"(1, 2, 3)",12.04279699872667,95.68706048530413,-2.7238960805546646,0.00188844,100,32,4,20,7,2,13,5,25,6,6,0.4837646828886,0.8205537197514028,30.319748352176862
2026-06-15T05:35:20,53,0.262153,True,True,"(1, 2, 3)",24.073305930945338,40.63892758533399,-2.408308679461763,0.00390563,100,32,4,20,11,2,37,3,32,4,5,0.3048296840755378,0.5033369545561075,40.39418046902079
2026-06-15T05:45:33,54,0.25,False,True,"(1, 3)",30.7819527700168,100.43975620229003,-2.169883869570828,0.00676264,100,32,4,20,15,1,30,4,22,4,3,0.5444415744304232,0.8312256471527688,77.31749468010806
2026-06-15T05:59:27,55,0.248264,False,True,"(1, 2, 3)",31.470330034135443,80.61551819398453,-3.392258010338303,0.00040527,100,32,4,20,10,4,24,2,8,3,2,0.7301718230862925,0.5049232713493298,23.48183981581071
2026-06-15T06:11:38,56,0.295139,False,True,"(1, 3)",21.68824054814455,67.03655945768699,-2.558033794089761,0.00276673,100,32,4,20,15,1,9,3,29,2,3,0.1310392056803583,0.7797857466576104,55.28686735706739
2026-06-15T06:20:48,57,0.434028,True,False,"(1, 3)",9.36621069575063,100.4606617996521,-3.5212950663349956,0.0003011,100,32,4,20,12,3,49,8,11,8,5,0.3895753508206169,0.8124647247915033,95.3541441556416
2026-06-15T06:33:51,58,0.208333,False,True,"(1, 3)",27.990268917317362,69.56366537389485,-2.5884442145419655,0.00257962,100,32,4,20,22,2,16,5,14,2,2,0.6875469301480049,0.795942643741598,94.39558345634504
2026-06-15T06:50:45,59,0.505208,False,True,"(1, 2, 3)",8.804057503076233,54.343259714238854,-2.8223800893683033,0.00150529,100,32,4,20,25,4,35,6,15,2,6,0.1402969559221211,0.7545297557821717,29.323391097554264
2026-06-15T07:03:17,60,0.559028,False,False,"(1, 3)",34.67339110955186,118.75870867108397,-2.7370974178145095,0.0018319,100,32,4,20,21,2,58,5,26,7,3,0.48297408367696093,0.576089829115538,43.256260466997006
2026-06-15T07:14:12,61,0.541667,False,False,"(1, 3)",12.574671979836538,63.64622151065012,-2.6026410221495335,0.00249666,100,32,4,20,12,4,20,5,22,4,6,0.3178908008626218,0.6940683798028199,64.74013897733579
2026-06-15T07:32:57,62,0.286458,True,True,"(1, 2, 3)",23.765060600311468,87.7896399909207,-2.4599514103252833,0.00346776,100,32,4,20,29,4,33,5,5,5,6,0.35057575375075534,0.5698332697558781,48.841996054010046
2026-06-15T07:43:47,63,0.244792,True,True,"(1, 2, 3)",22.980082093939977,113.19616326071785,-4.496666997534483,3.187e-05,100,32,4,20,23,1,10,8,12,7,4,0.40574597205438945,0.8565191924660294,56.648357136337296
2026-06-15T07:53:34,64,0.434028,True,False,"(1, 3)",27.389499681847568,77.81618913927278,-4.388780842686776,4.085e-05,100,32,4,20,17,1,35,6,24,6,8,0.6676497084785745,0.5189209861994102,64.84424425404087
2026-06-15T08:02:40,65,0.322917,True,True,"(1, 3)",19.156954112349844,99.69718554065895,-4.104112238368344,7.868e-05,100,32,4,20,10,3,55,6,25,6,6,0.3778274839759904,0.6004095199475699,42.57404324491324
2026-06-15T08:12:09,66,0.572917,False,False,"(1, 3)",6.965136647827037,70.24362174091324,-3.2943534290938916,0.00050775,100,32,4,20,11,4,49,8,21,5,6,0.16812580514562675,0.6737478596043296,50.67044903061198
2026-06-15T08:23:36,67,0.345486,False,True,"(1, 3)",19.3115268190277,106.93311955037866,-2.6801290413066696,0.00208868,100,32,4,20,16,2,40,4,23,5,2,0.42249914495426055,0.7805940465813488,17.523103061074423
2026-06-15T08:39:15,68,0.328125,False,True,"(1, 2, 3)",18.325986769028844,103.73461080878423,-3.833106191756911,0.00014686,100,32,4,20,30,2,46,5,15,8,2,0.47229542388082846,0.8881408749127147,66.3226894574793
2026-06-15T08:47:33,69,0.253472,True,True,"(1, 3)",30.433606097491968,33.76148496775812,-3.610917826842778,0.00024495,100,32,4,20,8,1,10,4,30,2,8,0.18407636022592422,0.9511492865502023,45.33429641439363
2026-06-15T08:54:53,70,0.461806,True,False,"(1, 2, 3)",34.12594238074773,36.85426020116383,-3.81265632220805,0.00015394,100,32,4,20,8,1,33,6,12,5,8,0.12640548915019945,0.848109506826124,65.64492841836255
2026-06-15T09:02:13,71,0.390625,True,False,"(1, 2, 3)",27.980586102243457,72.18846280808957,-2.4304516985760785,0.00371149,100,32,4,20,5,2,37,5,21,8,4,0.6877908060037551,0.839337399129227,40.84217077637061
2026-06-15T09:17:20,72,0.262153,False,True,"(1, 3)",36.74654174064412,80.20157860385905,-2.601850994011344,0.0025012,100,32,4,20,31,2,18,8,30,4,6,0.23640408688658648,0.7786696301028182,99.64363617535456
2026-06-15T09:24:45,73,0.258681,False,True,"(1, 2, 3)",27.14365760484967,113.68334784069923,-3.8797761527098107,0.00013189,100,32,4,20,5,2,44,5,29,6,4,0.23860148881061596,0.9876949658856442,5.877124089545212
2026-06-15T17:42:53,0,0.289931,True,True,"(1, 3)",25.578245736360284,69.03188815165612,-3.3643366550933487,0.00043218,100,32,4,20,5,2,14,4,23,6,4,0.26655566379984935,0.5775223020436834,20.971830797427355
2026-06-15T17:57:41,1,0.501736,True,True,"(1, 3)",11.546416384917636,82.85824856986042,-3.8811122311359614,0.00013149,100,32,4,20,20,1,48,2,19,5,6,0.5247645906295955,0.553758785486743,45.998152765867594
2026-06-15T18:10:06,2,0.28125,True,True,"(1, 3)",35.67189147125321,73.77939607454903,-2.3015996451540746,0.00499345,100,32,4,20,22,2,43,7,4,2,2,0.6456586271632551,0.88325787900873,31.50152963907311
2026-06-15T18:22:18,3,0.277778,True,True,"(1, 2, 3)",36.95941635562274,93.47721147770505,-2.327498924485927,0.00470437,100,32,4,20,20,2,57,5,30,8,2,0.11459736270236459,0.636030062672664,83.58273367535155
2026-06-15T18:41:27,4,0.256944,False,True,"(1, 2, 3)",33.49663286381956,45.47343782234233,-4.492388289041424,3.218e-05,100,32,4,20,30,4,38,5,30,7,6,0.12676857226018629,0.549187586040933,61.81509331295182
2026-06-15T18:52:12,5,0.428819,False,True,"(1, 3)",22.344917671956672,47.526361103493954,-2.242903177191,0.00571606,100,32,4,20,19,2,24,8,32,6,8,0.5342551251203741,0.8449786162686512,7.4062719173121705
2026-06-15T19:04:16,6,0.534722,True,True,"(1, 3)",4.450074478958441,117.4458635138963,-3.5368941397102827,0.00029047,100,32,4,20,21,2,31,6,4,5,6,0.2894840439143542,0.6821800327003967,37.95459613565224
2026-06-15T19:12:12,7,0.260417,False,True,"(1, 3)",38.781611405022076,84.22947319561227,-2.8068230796792952,0.00156019,100,32,4,20,13,1,9,8,6,2,8,0.28699414530988704,0.7202119984339586,44.362099334511626
2026-06-15T19:20:09,8,0.322917,True,True,"(1, 3)",13.852388512925451,47.84313413651416,-4.190098549676735,6.455e-05,100,32,4,20,6,2,45,4,16,6,7,0.2648929386744939,0.920882335740604,25.913685033513474
2026-06-15T19:33:30,9,0.3125,True,True,"(1, 3)",19.28948336923563,56.97560743229492,-2.6381771026928806,0.0023005,100,32,4,20,31,1,36,8,21,2,3,0.7058428339501146,0.8738269148767343,48.26700224318664
2026-06-15T19:47:26,10,0.498264,True,True,"(1, 2, 3)",9.042792045045749,111.38980371956517,-2.6478291688960622,0.00224994,100,32,4,20,20,3,58,4,10,6,7,0.42581366208509386,0.8963085531817742,99.64607607540016
2026-06-15T20:09:12,11,0.572917,False,True,"(1, 2, 3)",9.37853840174535,91.58183861707666,-3.2993571606439493,0.00050193,100,32,4,20,30,4,13,3,6,3,5,0.5627363982419977,0.5876709107583702,5.429394452786015
2026-06-15T20:22:15,12,0.454861,False,True,"(1, 2, 3)",11.189879237086162,65.43352488030553,-3.1676310932759186,0.00067978,100,32,4,20,10,3,9,2,9,3,4,0.1528059224589708,0.7603889306879995,39.3758921994926
2026-06-15T20:41:49,13,0.614583,False,True,"(1, 2, 3)",2.46143895398857,89.97316502896254,-3.2146234240195657,0.00061007,100,32,4,20,31,4,20,5,29,8,6,0.6688930093198311,0.6348389216008938,30.843998589639344
2026-06-15T20:53:59,14,0.581597,False,True,"(1, 3)",7.389938677710848,49.85981505629638,-3.2376772100453337,0.00057853,100,32,4,20,19,3,41,7,10,5,6,0.4917612736703024,0.7114499360809549,53.65966458501376
2026-06-15T21:12:25,15,0.324653,True,True,"(1, 3)",13.655811328787841,49.57158375242673,-4.37229272008885,4.243e-05,100,32,4,20,31,3,58,4,27,6,4,0.12332389773187566,0.8387399345839781,62.88777946032991
2026-06-15T21:31:14,16,0.3125,True,True,"(1, 3)",19.45310789604082,67.1856608833925,-3.8946648374814647,0.00012745,100,32,4,20,30,4,39,6,32,6,2,0.15440955268742684,0.7689489892284809,66.30596495737596
2026-06-15T21:42:10,17,0.418403,False,True,"(1, 2, 3)",4.495951125562327,117.68993776026598,-2.29093419064775,0.00511759,100,32,4,20,18,1,25,4,6,8,2,0.2817788393654981,0.6284673040183025,9.457408096513664
2026-06-15T21:53:13,18,0.269097,True,True,"(1, 2, 3)",34.97755624253774,62.71474249920046,-3.2926420032150814,0.00050975,100,32,4,20,18,1,39,4,32,4,3,0.7368233375865244,0.7429744077307003,72.55741706026959
2026-06-15T22:08:45,19,0.513889,True,True,"(1, 2, 3)",11.833123439737292,99.55590096936773,-3.885175701680034,0.00013026,100,32,4,20,14,4,63,2,19,7,8,0.3401084694616425,0.952701162492845,47.290216529473504
2026-06-15T22:27:27,20,0.595486,False,True,"(1, 2, 3)",3.5491578213126296,72.89552927786028,-2.7765742839531757,0.00167273,100,32,4,20,32,3,10,4,28,8,5,0.5754208729555617,0.6064592555038634,6.480246602525504
2026-06-15T22:46:31,21,0.630208,False,True,"(1, 2, 3)",3.303781150364832,73.87499151278641,-3.395448919727795,0.0004023,100,32,4,20,30,4,18,5,25,8,5,0.6737681038662021,0.6398874392844839,15.388730374761717
2026-06-15T23:07:09,22,0.494792,False,True,"(1, 2, 3)",5.564046891075991,70.23637629371466,-2.96434309991186,0.00108557,100,32,4,20,32,4,16,4,32,7,5,0.4367273454009507,0.6198830992088455,19.760159342525817
2026-06-15T23:25:49,23,0.5625,False,True,"(1, 3)",4.986906417342068,97.4744069336481,-3.0643880315860197,0.00086221,100,32,4,20,29,4,28,5,32,8,7,0.6956531261677815,0.7204711972467585,45.93638299701533
2026-06-15T23:43:58,24,0.555556,True,True,"(1, 2, 3)",8.56775747957093,80.76139848177797,-3.8152498272195077,0.00015302,100,32,4,20,28,4,29,5,22,8,3,0.6566841266656233,0.5706051446484279,8.096690868442387
2026-06-16T00:00:48,25,0.503472,False,True,"(1, 3)",2.57908434483867,66.87049982210564,-2.328440407458929,0.00469418,100,32,4,20,32,2,23,4,23,7,4,0.6940518797269558,0.5612529874576768,14.317792485404457
2026-06-16T00:23:17,30,0.479167,False,True,"(1, 2, 3)",1.0874310770791413,83.05087659356242,-2.7928295507463066,0.00161128,100,32,4,20,32,4,26,6,24,8,5,0.7027241266783668,0.6658459058585281,25.441132079639495
2026-06-16T00:38:35,31,0.609375,False,True,"(1, 3)",5.5529170197585715,53.830215454708096,-2.6042093675614737,0.00248766,100,32,4,20,25,3,41,5,11,5,7,0.5919632149138128,0.7961120704635566,37.53465395875358
2026-06-16T00:53:42,32,0.491319,False,True,"(1, 3)",6.712652147267455,54.59966683248548,-2.8051024114455796,0.00156638,100,32,4,20,27,2,45,4,4,6,7,0.7256661674449884,0.7363775493513366,57.22271035942863
2026-06-16T01:12:24,33,0.534722,False,True,"(1, 3)",8.100212909388762,62.28710258281002,-2.5299757018740645,0.00295137,100,32,4,20,30,4,39,7,9,4,5,0.5950466535358457,0.8611527797862024,38.661670231778835
2026-06-16T01:32:51,34,0.522569,False,True,"(1, 3)",10.784738287202122,58.273973505186305,-2.4264779099880585,0.00374561,100,32,4,20,31,3,30,3,11,5,7,0.44071740988319164,0.8528362262604382,45.48934985274991
2026-06-16T01:49:12,37,0.560764,True,True,"(1, 2, 3)",9.878817342323998,80.70313672648537,-2.5507146833397987,0.00281375,100,32,4,20,26,2,20,5,22,8,5,0.5800201135700057,0.5134263960271536,8.969454330638753
2026-06-16T02:05:15,42,0.569444,True,True,"(1, 3)",4.931930407692191,63.335574204739075,-2.8040302312651524,0.00157025,100,32,4,20,18,3,34,4,8,4,8,0.48382406880627454,0.6740044269569446,70.11450509260685
2026-06-16T02:21:57,44,0.467014,False,True,"(1, 2, 3)",1.486476133866029,81.32599338102295,-2.2549208676835146,0.00556006,100,32,4,20,24,2,14,3,19,8,7,0.547843059489912,0.6688826637625805,36.52095421170887
2026-06-16T02:37:40,45,0.576389,False,True,"(1, 2, 3)",6.780649299634826,64.4235568585316,-3.316213120954955,0.00048282,100,32,4,20,23,2,9,3,29,8,5,0.7300468375911817,0.8061763622870427,16.743190624834362
2026-06-16T02:54:34,48,0.555556,False,True,"(1, 2, 3)",8.160667513569532,73.67163495633564,-2.5222610548263056,0.00300427,100,32,4,20,31,2,11,5,31,8,6,0.7332552625975128,0.601225567627697,35.76183624418438
2026-06-16T03:10:07,49,0.579861,False,True,"(1, 2, 3)",2.5994277230783926,62.61293819231658,-2.011542546301497,0.00973772,100,32,4,20,27,3,32,7,15,3,8,0.5336939237778597,0.7688747926307131,6.376218613925147
2026-06-16T03:27:04,50,0.576389,False,True,"(1, 3)",8.654628110917747,54.40167590704246,-2.1092706828264514,0.00777552,100,32,4,20,24,4,42,4,11,6,8,0.668173145995385,0.8244349636958596,9.418841355614148
2026-06-16T03:44:29,51,0.595486,False,True,"(1, 2, 3)",4.759528297746897,62.400238191425686,-2.1908320824064735,0.00644418,100,32,4,20,28,4,27,8,20,3,7,0.46724384535104824,0.7862516169866356,18.51465683293398
2026-06-16T04:03:02,52,0.532986,False,True,"(1, 2, 3)",3.9653316027242838,73.7672043604608,-3.392000626991952,0.00040551,100,32,4,20,31,2,11,3,29,8,6,0.43325576166551805,0.5262340329611432,10.038726561281498
2026-06-16T04:23:02,54,0.586806,False,True,"(1, 2, 3)",6.042482216877106,63.7503933608361,-2.589378503408861,0.00257408,100,32,4,20,31,4,33,6,25,4,5,0.36826588285528716,0.8747521216193294,10.804622531609166
2026-06-16T04:41:05,55,0.548611,False,True,"(1, 2, 3)",4.151780785827029,66.84720843967027,-3.524600462078467,0.00029881,100,32,4,20,30,3,42,4,22,5,7,0.23830693209350418,0.928501251782577,18.653349059421856
2026-06-16T05:00:08,56,0.520833,False,True,"(1, 2, 3)",9.490814251647784,58.32312453953586,-2.4098501104283616,0.00389179,100,32,4,20,31,4,23,8,15,2,4,0.40019894214041973,0.8097178420016794,10.263979772535572
2026-06-16T05:16:05,57,0.513889,True,True,"(1, 2, 3)",6.960768694856052,45.38825839172034,-2.4631574986517464,0.00344225,100,32,4,20,25,4,14,8,18,3,8,0.4972317662794283,0.9050260889987084,5.499629263962717
2026-06-16T05:31:53,58,0.583333,False,True,"(1, 3)",10.20089517700011,56.96950305363456,-2.775612320412589,0.00167644,100,32,4,20,24,4,36,8,24,2,8,0.44769040656025433,0.708324161823007,24.251916837651933
2026-06-16T05:50:40,59,0.484375,False,True,"(1, 2, 3)",5.453626212126117,61.40723473169323,-2.766693003929858,0.00171122,100,32,4,20,30,4,15,6,29,5,4,0.36822410607591416,0.89660902211296,10.766233933331314
2026-06-16T06:11:17,60,0.567708,False,True,"(1, 2, 3)",6.586073716857886,74.96531539570927,-2.3507556419596556,0.00445907,100,32,4,20,29,3,9,2,27,8,4,0.6319138054353505,0.6738487753738759,13.126862203870306
2026-06-16T06:27:48,61,0.527778,False,True,"(1, 2, 3)",10.34448752543304,44.578509465953815,-2.4458962161355378,0.00358182,100,32,4,20,29,3,54,7,30,3,6,0.35283394011962,0.9715510052806571,21.88033745056137
2026-06-16T06:45:32,62,0.59375,False,True,"(1, 3)",8.268403787215302,50.34877003318696,-2.2141085917227814,0.00610789,100,32,4,20,27,4,25,6,21,2,7,0.24197258728083235,0.6873787495832006,26.0028297107672
2026-06-16T07:06:11,63,0.588542,False,True,"(1, 3)",10.36649972279141,50.190326969013675,-2.6293527402161168,0.00234773,100,32,4,20,31,4,11,4,29,2,6,0.37927989289750214,0.5696252534273962,23.758281878794484
2026-06-16T07:26:38,65,0.560764,True,True,"(1, 3)",2.9737455251247447,65.2769068169114,-3.032222718190112,0.00092849,100,32,4,20,31,4,19,5,17,3,7,0.41009186872046705,0.6588108862600484,5.1374917245635245
2026-06-16T07:44:34,67,0.553819,False,True,"(1, 3)",9.934633414118665,77.438854071763,-2.3420020790501463,0.00454986,100,32,4,20,30,3,31,6,21,3,7,0.14906980286781296,0.7717092695020371,47.02611783474147
2026-06-16T07:59:18,68,0.567708,True,True,"(1, 3)",7.877952474282406,59.96339527269056,-2.2462552585488225,0.00567211,100,32,4,20,20,4,12,5,17,2,7,0.229555880899488,0.7003391204313458,39.967723047122405
2026-06-16T08:34:51,73,0.557292,False,True,"(1, 2, 3)",3.953288355338228,95.23915845854052,-2.7859493567487346,0.00163701,100,32,4,20,31,4,50,6,24,4,4,0.21389084286697138,0.7967926450399588,25.201304985246693
2026-06-16T08:49:51,74,0.560764,False,True,"(1, 2, 3)",12.438933765098184,91.09946844781955,-2.8347302125299776,0.00146309,100,32,4,20,22,4,18,6,32,8,7,0.48071488677421725,0.5915614636390791,43.659619652937565
2026-06-16T09:08:24,76,0.536458,False,True,"(1, 2, 3)",1.8491738442137375,74.37030671303849,-2.5019472114566774,0.00314813,100,32,4,20,29,4,33,7,31,5,8,0.36453759359776133,0.760682514716697,17.234486953511787
2026-06-16T09:26:28,81,0.546875,False,True,"(1, 3)",6.423680396217213,64.43451514352444,-3.150173574468415,0.00070766,100,32,4,20,21,4,25,7,26,3,8,0.5482443113918989,0.7319520243369942,26.566629600525644
2026-06-16T09:42:07,82,0.538194,False,True,"(1, 3)",4.203190434974378,66.20370187780178,-2.2736187122685623,0.00532576,100,32,4,20,23,4,28,6,22,3,8,0.1918831425426295,0.6059170824770531,8.63576213444249
2026-06-16T09:57:09,83,0.555556,False,True,"(1, 3)",4.03401762850973,53.85098439685792,-2.6901186335154517,0.00204118,100,32,4,20,22,4,33,7,17,2,8,0.3545199678480433,0.79441675977979,15.626926469531933
2026-06-16T10:15:14,84,0.456597,False,True,"(1, 2, 3)",3.8563621228400944,51.42295794395979,-2.473413038159461,0.00336192,100,32,4,20,27,4,25,5,20,2,8,0.23634253668573058,0.6879713818851076,41.35437408425278
2026-06-16T15:49:55,87,0.543403,False,True,"(1, 2, 3)",11.48348213548087,64.08939958746147,-2.086537069533764,0.00819338,100,32,4,20,27,4,44,6,23,5,4,0.47504666773966103,0.8499393064410102,15.660912570684747
2026-06-16T16:04:14,90,0.565972,False,True,"(1, 2, 3)",3.1877184607572446,59.2358642379817,-2.3642602974261964,0.00432255,100,32,4,20,19,4,26,8,22,4,8,0.44070281561357955,0.773750805432516,32.361613558326546
2026-06-16T16:15:32,92,0.576389,False,True,"(1, 3)",9.255677939652502,45.082908561550326,-3.3308698748111114,0.0004668,100,32,4,20,13,4,31,7,12,6,4,0.378933925336074,0.6141348367297695,62.300694042574584
2026-06-16T16:37:52,97,0.505208,False,True,"(1, 3)",5.360659256028948,50.27118428882045,-2.2292396727708814,0.00589875,100,32,4,20,31,4,41,8,25,2,8,0.5200370261065403,0.5013863110250179,31.591294038892585
2026-06-16T16:57:28,98,0.611111,False,True,"(1, 2, 3)",3.298337497590598,75.60790541636177,-3.2440032579757547,0.00057016,100,32,4,20,31,4,8,5,18,6,6,0.43688790216978823,0.7063428644492067,13.150373162315379
2026-06-16T17:22:46,107,0.557292,False,True,"(1, 2, 3)",3.642610815403716,86.00478045184384,-2.8456906507251456,0.00142662,100,32,4,20,31,4,21,4,32,8,6,0.5738499303976331,0.6827751974744358,45.320923646944856
2026-06-16T17:41:01,109,0.602431,False,True,"(1, 2, 3)",3.916545368443445,76.1912567344394,-2.5388823127234943,0.00289146,100,32,4,20,32,3,10,6,32,7,4,0.5109617136115429,0.5616563601717695,12.156486964263792
2026-06-16T17:58:21,110,0.59375,False,True,"(1, 2, 3)",8.875307099339977,64.37818467205011,-2.303296856363886,0.00497397,100,32,4,20,30,3,12,5,26,8,6,0.614876526398218,0.5852159190178204,8.235285242321929
2026-06-16T18:15:08,111,0.576389,False,True,"(1, 2, 3)",3.939285650905589,63.68731344723905,-2.270624079276082,0.00536261,100,32,4,20,25,4,24,5,23,8,7,0.5343233710952939,0.6125869278527432,11.830712679219344
2026-06-16T18:25:52,112,0.564236,False,True,"(1, 2, 3)",3.386231057666956,69.31989537680224,-2.108482460967437,0.00778964,100,32,4,20,19,2,9,8,26,6,5,0.5866190973619321,0.7549181081653302,10.76624951542965
2026-06-16T18:44:10,114,0.576389,False,True,"(1, 2, 3)",3.9362045841976094,85.94150615821565,-3.1250277803288156,0.00074985,100,32,4,20,31,3,15,6,29,8,4,0.37884283061900736,0.5477893327867205,12.213897901666972
2026-06-16T19:02:35,119,0.555556,True,True,"(1, 2, 3)",3.706275477007427,58.993231697177166,-2.7922120961928574,0.00161357,100,32,4,20,28,3,18,6,30,8,4,0.4624364000831738,0.5705387938920673,15.76888616674985
2026-06-16T19:19:55,121,0.579861,False,True,"(1, 2, 3)",7.299949342407295,65.60349448342525,-2.6211591193638397,0.00239244,100,32,4,20,30,3,18,7,30,6,5,0.49991784126964167,0.5229082548017948,15.262047861293988
2026-06-16T19:42:03,125,0.552083,False,True,"(1, 2, 3)",5.760855387698508,83.28415863113796,-2.8342298098667285,0.00146477,100,32,4,20,27,4,8,3,14,5,8,0.24842449589093352,0.7689978045489783,33.143653392189634
2026-06-16T20:00:40,129,0.604167,False,True,"(1, 3)",10.290610469328854,73.10102172061313,-2.916690449772674,0.00121146,100,32,4,20,27,4,38,8,12,4,8,0.5690519290909701,0.6897539009691783,31.362828062250756
2026-06-16T20:16:14,130,0.527778,True,True,"(1, 2, 3)",6.912609275222254,51.12533661436676,-2.4042604891961465,0.00394221,100,32,4,20,30,2,21,5,23,7,7,0.6793392546185482,0.670689629764136,16.824411748536008
2026-06-16T20:44:33,134,0.567708,True,True,"(1, 3)",7.664297628475802,55.6891850182036,-2.748542188041137,0.00178426,100,32,4,20,18,2,44,7,15,6,6,0.636212271308869,0.6820176736054592,28.968057832262804
2026-06-16T20:59:13,137,0.581597,False,True,"(1, 3)",6.765588373980306,86.36450305032238,-2.545849491431425,0.00284545,100,32,4,20,22,3,46,6,14,5,7,0.5921563319933332,0.6390632331309807,35.12914103968385
2026-06-16T21:14:05,139,0.552083,False,True,"(1, 3)",12.01622940651433,81.54701571627129,-2.5302783545221406,0.00294932,100,32,4,20,24,3,42,8,9,2,8,0.6424268907804471,0.7092845433822694,19.61043332728047
2026-06-16T21:32:10,140,0.527778,False,True,"(1, 2, 3)",2.2492553602937133,44.13244927700772,-2.532794133656398,0.00293228,100,32,4,20,29,4,24,8,22,2,7,0.5501151896546677,0.7826125513898354,16.34782104635598
2026-06-16T21:52:03,143,0.598958,False,True,"(1, 3)",6.43254053346721,78.98863090564635,-2.6596057178353187,0.00218975,100,32,4,20,30,4,35,7,11,4,8,0.46905868550563434,0.799176945178217,28.719841113580323
2026-06-16T22:11:50,148,0.616319,True,True,"(1, 2, 3)",7.348817058000386,72.55333655622063,-3.1314793125267806,0.00073879,100,32,4,20,26,4,27,5,14,6,8,0.4393217501681227,0.6374988757198424,8.060865648140474
2026-06-16T22:33:44,153,0.567708,False,True,"(1, 2, 3)",2.399239395287735,63.342979412506494,-2.542175766346641,0.00286962,100,32,4,20,31,4,27,5,21,4,5,0.2946366424228295,0.8269879739686268,8.204020395487248
2026-06-16T22:56:03,158,0.576389,False,True,"(1, 3)",9.011866458603347,83.48280783119466,-2.993876994989431,0.0010142,100,32,4,20,31,4,40,6,9,3,8,0.46145862440507307,0.6892214815005981,53.0671705463031
2026-06-16T23:11:07,161,0.579861,False,True,"(1, 2, 3)",8.855733938580771,56.854179490897124,-2.5007106216296746,0.00315711,100,32,4,20,25,2,32,5,31,8,7,0.7195740069234036,0.5795660274245136,6.665950610877393
2026-06-16T23:30:59,164,0.524306,True,True,"(1, 3)",5.8156031185908885,56.46558162526126,-2.4141192023696147,0.00385373,100,32,4,20,29,4,26,5,9,6,6,0.608504438631686,0.7089025049560361,46.44421877990549
2026-06-16T23:49:25,167,0.564236,True,True,"(1, 2, 3)",3.6731599570490596,68.940574704756,-2.0812563182903983,0.00829361,100,32,4,20,32,3,27,8,27,4,7,0.6966777110241337,0.8168738626302611,28.27556798559831
2026-06-17T01:53:07,171,0.546875,True,True,"(1, 3)",7.848496692925149,107.13284869812065,-2.6242329326990617,0.00237557,100,32,4,20,32,4,40,7,10,3,8,0.5829961447655638,0.8836972505702091,19.060742710064698
2026-06-17T02:11:15,173,0.487847,False,True,"(1, 2, 3)",10.031146279594696,52.717088249927855,-2.1667510282900277,0.0068116,100,32,4,20,21,3,28,5,7,5,8,0.3658905113632034,0.5905986602845623,8.561355179271528
2026-06-17T02:30:13,174,0.590278,False,True,"(1, 2, 3)",1.5040143700173836,77.8481596364644,-2.2902073601781354,0.00512617,100,32,4,20,31,4,23,8,19,3,8,0.5068750956008947,0.7168950467319838,19.329353284790223
2026-06-17T02:44:43,175,0.520833,False,True,"(1, 3)",8.42962969115261,46.71581982100102,-2.6783585245164874,0.00209721,100,32,4,20,21,3,36,4,11,5,5,0.5413209186452344,0.7251060922351689,31.38057210652272
2026-06-17T03:02:13,177,0.517361,False,True,"(1, 2, 3)",6.724331116231623,81.32844272353488,-2.8528075276220846,0.00140344,100,32,4,20,30,3,19,8,23,2,7,0.5696951010057121,0.7070408246272448,32.29869143726259
2026-06-17T03:16:32,178,0.501736,False,True,"(1, 3)",6.888558403127506,109.42189343706816,-3.002906793183648,0.00099333,100,32,4,20,27,2,58,6,14,6,8,0.4920906799442156,0.7925884669724742,19.558884941561637
2026-06-17T03:32:39,183,0.612847,False,True,"(1, 2, 3)",7.012164027689202,56.43036926206506,-2.2148512897853805,0.00609746,100,32,4,20,23,3,46,8,17,5,7,0.6938336320131333,0.726058330534307,6.519271136183246
2026-06-17T03:52:50,185,0.607639,False,True,"(1, 2, 3)",4.861483168291917,58.95181947890585,-2.4715624520776123,0.00337627,100,32,4,20,32,4,55,7,11,5,6,0.5977768583903099,0.6888130665657098,11.962156762947338
2026-06-17T04:11:49,187,0.546875,False,True,"(1, 2, 3)",10.803309503556868,65.88153070616174,-2.419863717952759,0.00380309,100,32,4,20,30,4,64,8,11,6,7,0.6125004203965116,0.7455636034293729,9.479107483596527
2026-06-17T04:31:24,188,0.590278,False,True,"(1, 3)",6.879197393470517,76.17121906734172,-3.056321082531439,0.00087837,100,32,4,20,32,4,42,7,16,5,7,0.6135926738225538,0.6966317379685789,8.101058913655262
2026-06-17T04:42:07,189,0.548611,False,True,"(1, 2, 3)",12.338154909942629,63.58375931364543,-2.544101924546591,0.00285692,100,32,4,20,18,2,43,8,17,4,4,0.6038407357904091,0.5945152326544876,10.408437160303812
2026-06-17T04:56:56,190,0.53125,False,True,"(1, 2, 3)",10.876463099776226,54.43156599463084,-2.7004851142383393,0.00199303,100,32,4,20,25,3,48,7,17,5,8,0.7257124647665585,0.737850080113581,16.55383867902803
2026-06-17T05:15:30,192,0.520833,False,True,"(1, 3)",1.4548939412917594,70.3700791094573,-2.5520785743778207,0.00280493,100,32,4,20,29,4,47,8,14,4,7,0.5160023718595521,0.594968338647561,15.581642027476791
2026-06-17T05:32:02,194,0.590278,False,True,"(1, 2, 3)",6.644952895392685,85.621873619766,-2.440652885175507,0.00362533,100,32,4,20,28,3,47,8,18,4,6,0.6467565856317516,0.7892338690409267,17.15823297387971
2026-06-17T05:51:03,195,0.5625,False,True,"(1, 2, 3)",2.5990259897682244,81.52119734757332,-2.3932806233552024,0.00404315,100,32,4,20,31,4,27,8,21,3,8,0.6129500625502082,0.7199078788358552,16.908693577211412
2026-06-17T06:09:18,196,0.572917,False,True,"(1, 2, 3)",7.662802490470071,78.79838583927386,-2.1121965879032074,0.00772331,100,32,4,20,29,4,63,8,18,3,6,0.543981873491681,0.9339916211640562,11.574584422231831
2026-06-17T06:28:14,197,0.605903,False,True,"(1, 2, 3)",2.0195048833507565,75.07480024813282,-2.364238285397378,0.00432277,100,32,4,20,32,3,26,4,29,8,5,0.6056978372231117,0.6329003875355791,9.6411656562772
2026-06-17T06:45:25,202,0.640625,False,True,"(1, 2, 3)",10.112667133318038,100.95511141909851,-2.27764258266437,0.00527664,100,32,4,20,21,3,47,6,19,6,6,0.6922722451980294,0.8332811122300727,21.42616420159176
2026-06-17T07:02:47,203,0.560764,True,True,"(1, 2, 3)",2.0671018500806433,87.66843220823232,-2.514208087938084,0.0030605,100,32,4,20,32,3,49,8,16,6,5,0.6036288226794996,0.8047929023989836,18.957411311115997
2026-06-17T07:24:21,206,0.567708,False,True,"(1, 2, 3)",9.892108429535567,72.00876281163605,-2.4364972159261855,0.00366018,100,32,4,20,31,3,29,3,30,8,5,0.38841827552239805,0.7184004841847489,7.891396034401593
2026-06-17T07:44:15,207,0.600694,True,True,"(1, 3)",7.135647011042777,73.3684848853295,-2.5049223651200143,0.00312664,100,32,4,20,32,4,34,6,32,8,8,0.6291758608760359,0.539145753898773,31.750971691754987
2026-06-17T08:07:34,212,0.579861,True,True,"(1, 3)",7.228032711697407,69.96341524559129,-2.3332715451230888,0.00464225,100,32,4,20,32,4,36,4,28,6,8,0.6857784049586977,0.5775232591803169,27.206441946553262
2026-06-17T08:25:38,214,0.569444,True,True,"(1, 3)",6.877146562118745,85.27719833187639,-2.9080172877857726,0.0012359,100,32,4,20,22,4,43,7,31,7,8,0.5052670640900111,0.5205180952028917,13.959869855920026
2026-06-17T08:38:36,215,0.609375,False,True,"(1, 2, 3)",4.910014203708743,90.02740063999342,-2.1258637541298726,0.00748404,100,32,4,20,17,4,36,6,19,7,6,0.5822337101827751,0.8504870490766487,9.364077034132299
2026-06-17T08:52:59,216,0.592014,False,True,"(1, 2, 3)",11.085909861526527,96.66921983195454,-2.9536526250143003,0.00111262,100,32,4,20,26,2,39,5,14,6,3,0.6397584374162173,0.8104331575966106,9.896056933075208
2026-06-17T09:10:25,219,0.489583,False,True,"(1, 2, 3)",8.600632483890482,67.18478645595782,-3.0429719487504743,0.00090579,100,32,4,20,26,3,8,4,30,8,7,0.5811863415666614,0.6699510931009347,12.915021980422694
2026-06-17T09:27:46,221,0.598958,False,True,"(1, 3)",10.979157197197368,71.90803057681381,-2.660162785979552,0.00218694,100,32,4,20,28,3,40,5,14,4,8,0.5706849052621412,0.928924851358319,17.128586033152157
2026-06-17T09:42:19,222,0.565972,False,True,"(1, 2, 3)",8.210577105132046,90.61232042977268,-2.3933790035541325,0.00404223,100,32,4,20,21,3,55,4,10,6,4,0.5331248524614013,0.7793591401946697,16.768589630426295
2026-06-17T09:53:33,223,0.564236,False,True,"(1, 2, 3)",6.566916490952332,85.94388609656005,-2.206128079385258,0.00622117,100,32,4,20,23,1,42,7,19,6,2,0.5126587253918664,0.8603864563479934,15.557667727370738
2026-06-17T10:11:55,227,0.616319,False,True,"(1, 3)",3.0657603530306696,62.73321712729576,-2.9201083601244453,0.00120196,100,32,4,20,26,4,32,8,20,5,5,0.636969339580159,0.8509178484863674,10.511455431515952
2026-06-17T10:31:40,231,0.53125,False,True,"(1, 3)",6.512307965367553,83.40824290350591,-2.3597049227973153,0.00436813,100,32,4,20,28,4,30,8,15,3,8,0.44611700619117634,0.9026846142438794,30.81824774997698
2026-06-17T10:54:25,237,0.543403,False,True,"(1, 2, 3)",5.188901884727421,68.05508307768172,-2.302786364408017,0.00497982,100,32,4,20,32,4,11,5,32,7,6,0.5237178112196657,0.6685611224828886,7.903086722471022
2026-06-17T11:10:02,238,0.572917,False,True,"(1, 3)",11.265994368914528,68.62636596530267,-3.0708234706583593,0.00084953,100,32,4,20,26,3,45,6,16,3,7,0.6037078846195466,0.856805348464142,18.686482050065838
2026-06-17T11:25:05,240,0.611111,False,True,"(1, 3)",9.922103885772747,64.3537607710766,-2.8228239331246026,0.00150375,100,32,4,20,25,3,31,8,8,7,5,0.620783822490924,0.8137579006570163,18.10289322623739
2026-06-17T11:40:19,245,0.607639,False,True,"(1, 3)",9.12458234611046,59.5591509085233,-2.3058544363081572,0.00494476,100,32,4,20,21,3,26,8,6,7,5,0.650770772387745,0.8680325695487219,13.510459327851152
2026-06-17T11:56:01,247,0.567708,False,True,"(1, 2, 3)",8.794105289832435,82.17164793401328,-2.173766019571064,0.00670246,100,32,4,20,27,3,46,8,17,6,6,0.6963222046096915,0.8693485758661695,18.040688871880878
2026-06-17T12:15:56,249,0.526042,True,True,"(1, 3)",10.057247293345155,60.72370498870541,-2.0778499923661773,0.00835892,100,32,4,20,31,4,50,6,31,7,7,0.3677610494442772,0.5652005711965907,44.31062710950591
2026-06-17T12:33:00,251,0.529514,True,True,"(1, 3)",10.373334708742401,77.62761519838054,-2.387697125535689,0.00409546,100,32,4,20,23,4,29,4,26,8,7,0.562271527746267,0.525170965316927,47.39114002228922
2026-06-17T14:45:41,262,0.604167,False,True,"(1, 3)",10.058167666374109,53.57428120823725,-2.194614063990748,0.00638831,100,32,4,20,16,3,31,8,11,5,5,0.4642966889511584,0.8042821046714381,9.49328266142206
2026-06-17T14:56:22,264,0.555556,False,True,"(1, 3)",1.5632890050999162,56.55589699820683,-2.5678729257717325,0.00270475,100,32,4,20,16,2,26,7,7,4,5,0.5021150219523388,0.7634191964116258,5.946962534176521
2026-06-17T15:16:09,271,0.579861,True,True,"(1, 2, 3)",9.949392933448122,93.24957900792401,-3.0210283984852597,0.00095273,100,32,4,20,24,4,33,5,13,6,8,0.378505066918694,0.6036044130140501,10.428212957666046
2026-06-17T15:29:31,274,0.491319,False,True,"(1, 3)",10.161101628618303,53.53242229472117,-2.518488036371937,0.00303048,100,32,4,20,20,3,28,8,15,5,6,0.42052299752760663,0.8739900727554536,12.283439147488927
2026-06-17T15:44:23,275,0.631944,True,True,"(1, 2, 3)",2.8066744703866,71.91328063262057,-2.4933900165992,0.00321078,100,32,4,20,25,3,20,6,19,6,8,0.42289056854092905,0.5715449821256612,5.267805778775678
2026-06-17T15:55:55,277,0.529514,False,True,"(1, 2, 3)",1.5368512340039442,85.29201688259077,-2.426764177908035,0.00374314,100,32,4,20,12,4,37,5,17,7,8,0.3288576326655332,0.9787739714817938,15.329168292937087
2026-06-17T16:15:23,286,0.588542,False,True,"(1, 2, 3)",4.337837030546825,77.96661303822792,-2.655259973854943,0.00221177,100,32,4,20,23,3,8,5,22,5,5,0.5044422372220205,0.6185666338463864,10.971032633470768
2026-06-17T16:31:56,287,0.479167,True,True,"(1, 2, 3)",5.49166161050864,61.30320178904961,-2.0378136503875837,0.00916614,100,32,4,20,26,4,23,7,28,6,7,0.32949240478905223,0.5500794021383023,14.990133802783307
2026-06-17T16:53:14,291,0.574653,False,True,"(1, 2, 3)",9.388186639367852,81.683749196706,-2.806416282830135,0.00156165,100,32,4,20,30,4,9,4,12,6,5,0.35973255458985287,0.6655789704727018,23.202185564050545
2026-06-17T17:02:19,292,0.567708,False,True,"(1, 3)",11.238916513512475,53.78496852634333,-2.0177920897788577,0.0095986,100,32,4,20,12,3,19,8,14,5,3,0.4857305262666016,0.7696803779862451,10.643244467301162
2026-06-17T17:18:26,295,0.536458,True,True,"(1, 2, 3)",8.348854851522631,53.93699276612011,-2.3048788654049526,0.00495588,100,32,4,20,28,2,20,5,18,7,8,0.3145097546639768,0.5622228080397932,18.573620561458732
2026-06-17T17:34:12,296,0.553819,True,True,"(1, 2, 3)",4.782506851026952,88.54806016894052,-2.1424718183667237,0.00720324,100,32,4,20,26,3,17,5,17,4,7,0.31072756092776876,0.6061870954836043,26.792261917429585
2026-06-17T17:47:39,297,0.585069,False,True,"(1, 2, 3)",6.04119650253272,66.86080709167895,-2.2469527607545525,0.00566301,100,32,4,20,22,3,50,7,14,6,8,0.7345085093633961,0.6195792871811188,7.11800350589349
2026-06-17T18:11:56,306,0.548611,True,True,"(1, 2, 3)",8.08818882194216,72.52765507298055,-2.161307331575951,0.00689752,100,32,4,20,31,4,17,6,17,7,8,0.34281368884267277,0.6459802938089533,7.718612626570963
2026-06-17T18:26:28,314,0.642361,False,True,"(1, 2, 3)",5.3971469185157535,60.35567638675221,-2.042295514661619,0.00907203,100,32,4,20,16,3,16,8,16,8,8,0.5524151905919512,0.9635553006247648,9.159486530256453
2026-06-17T18:38:14,315,0.618056,False,True,"(1, 2, 3)",8.661967339961883,53.027405146586304,-2.2135456511548144,0.00611582,100,32,4,20,18,3,15,7,18,7,7,0.6995902480091221,0.9768791895140354,28.105742315460596
2026-06-17T18:50:20,316,0.489583,False,True,"(1, 2, 3)",8.480257977632343,58.78542895420654,-2.5146327430865085,0.00305751,100,32,4,20,18,3,11,6,27,8,6,0.7283038951360192,0.9368846894110733,34.84292086023513
2026-06-17T19:06:37,322,0.59375,False,True,"(1, 3)",5.063302450513741,62.355591916466885,-2.2602279108448804,0.00549253,100,32,4,20,21,3,28,5,7,8,6,0.5807825218910604,0.9650467233232632,19.754391305755462
2026-06-17T19:26:34,325,0.513889,False,True,"(1, 3)",8.568445122960226,74.52280693986772,-2.2958172746276073,0.00506038,100,32,4,20,32,3,32,4,17,3,7,0.45277309814159483,0.8848511332429332,20.01091914767823
2026-06-17T19:45:42,326,0.567708,True,True,"(1, 3)",6.43008357550757,64.66476682461548,-2.961790054002477,0.00109197,100,32,4,20,30,4,23,5,27,8,8,0.5621078745227128,0.6012985315681803,28.80326421439156
2026-06-17T19:59:05,328,0.574653,False,True,"(1, 2, 3)",2.7606977795643,71.19050509896081,-2.1338280410707227,0.00734805,100,32,4,20,18,4,25,7,23,7,7,0.44255860841666894,0.9363682052579136,12.473022190971355
2026-06-17T20:15:48,331,0.5,False,True,"(1, 3)",5.51139716003577,69.93685122694454,-2.6703547620647754,0.00213622,100,32,4,20,28,3,24,8,20,5,6,0.6222594240229599,0.854108677780028,13.876342736135102
2026-06-17T20:30:57,337,0.602431,False,True,"(1, 2, 3)",10.520867671468173,88.36018316793528,-2.358017519364049,0.00438513,100,32,4,20,18,3,58,6,18,6,7,0.7219764640053563,0.8133313452225428,24.606832540918752
2026-06-17T20:47:33,343,0.480903,True,True,"(1, 2, 3)",8.247523902915482,56.18603970724607,-2.165804304963037,0.00682646,100,32,4,20,22,3,12,7,23,7,7,0.6893300156564186,0.9706192003324913,35.80574354580996
2026-06-17T21:01:55,346,0.607639,False,True,"(1, 2, 3)",6.341648121342432,84.68168022273844,-2.394148001069631,0.00403508,100,32,4,20,21,3,43,6,15,7,6,0.514355109075355,0.8746159088785939,27.943085773149733
2026-06-17T21:22:18,353,0.519097,False,True,"(1, 3)",7.4716322965628565,82.405389036621,-2.7361107255529595,0.00183607,100,32,4,20,26,4,21,7,4,3,6,0.438971885406803,0.7559309952563591,37.13667658105818
2026-06-17T21:34:12,354,0.559028,False,True,"(1, 2, 3)",1.2354709487624032,50.39274650358145,-2.123760174735491,0.00752038,100,32,4,20,19,3,26,8,12,7,7,0.6053520773618052,0.963464325506504,8.081639394846883
2026-06-17T21:48:42,358,0.552083,True,True,"(1, 3)",7.073964047823221,51.81011069134938,-2.548610061406149,0.00282742,100,32,4,20,19,3,45,5,9,5,8,0.6186924243722242,0.8814153127127222,52.704218711624826
2026-06-17T22:08:25,365,0.602431,False,True,"(1, 3)",3.5260802765261614,59.314342212975376,-2.7947148004375255,0.0016043,100,32,4,20,26,4,28,8,14,7,5,0.6489578917585869,0.6756630754129487,9.561457477184515
2026-06-17T22:19:46,366,0.510417,False,True,"(1, 2, 3)",8.572964799536516,95.28652082233266,-2.054274875896426,0.00882521,100,32,4,20,14,4,43,6,25,8,6,0.4086773761600715,0.777621130162122,14.600649614660462
2026-06-17T22:36:25,370,0.53125,True,True,"(1, 2, 3)",5.402424805289721,66.33500241297348,-2.5538999745343167,0.00279319,100,32,4,20,25,3,28,6,16,5,7,0.44896690731322364,0.523748310132023,7.120997374875406
2026-06-17T22:52:15,371,0.564236,False,True,"(1, 2, 3)",1.1216335307081828,71.87650293821729,-2.7344527105103915,0.00184309,100,32,4,20,28,3,8,7,32,5,3,0.4141262819807505,0.6063816940008591,13.342302634435832
2026-06-17T23:08:15,374,0.557292,False,True,"(1, 3)",6.228827352562281,45.672018496095724,-2.5908787300066214,0.0025652,100,32,4,20,23,4,47,8,14,5,5,0.7023011638846873,0.8641955653631804,16.109928588084934
2026-06-17T23:24:41,379,0.463542,False,True,"(1, 2, 3)",6.024250377613049,67.77000671364911,-2.501755918649802,0.00314952,100,32,4,20,23,3,38,6,15,5,6,0.34491009216322277,0.863787501315993,43.571966735376186
2026-06-17T23:40:40,386,0.574653,False,True,"(1, 3)",4.347513538916065,67.85035638252343,-2.84163099924764,0.00144002,100,32,4,20,18,4,28,7,17,8,5,0.6729946493953725,0.7331168548839706,9.085074714489753
2026-06-17T23:59:45,395,0.588542,False,True,"(1, 2, 3)",11.902392003863028,103.49769062897717,-2.0827936483653584,0.00826431,100,32,4,20,19,4,32,8,16,6,7,0.5381559929970577,0.8350803168235023,8.81207154549231
2026-06-18T00:14:09,397,0.546875,True,True,"(1, 2, 3)",7.113543817184677,78.27558002354935,-3.0562743685348988,0.00087847,100,32,4,20,23,3,16,7,21,8,8,0.38789064007935375,0.5156501201421297,5.648888449248433
2026-06-18T00:31:49,398,0.631944,False,True,"(1, 2, 3)",8.734613345744958,101.43159281677609,-2.3432933650381464,0.00453635,100,32,4,20,27,4,42,5,15,7,7,0.6642545025167615,0.7620321203698817,11.773993159339108
2026-06-18T00:51:59,399,0.600694,False,True,"(1, 2, 3)",9.484170695277628,117.23448382101125,-2.7863118121800996,0.00163564,100,32,4,20,31,4,39,4,15,7,7,0.7224879613375806,0.6759840343322553,10.298091375307326
2026-06-18T01:10:10,401,0.534722,False,True,"(1, 2, 3)",2.6339807548115375,61.49098589682003,-2.5566714212333035,0.00277542,100,32,4,20,32,3,60,7,4,4,7,0.5599160841448722,0.5646769014518154,10.922755183436255
2026-06-18T01:22:29,403,0.567708,False,True,"(1, 2, 3)",1.458194748409747,71.89767255880312,-2.581757276230808,0.00261965,100,32,4,20,18,2,17,7,28,5,8,0.1643677488431292,0.5190392591142436,12.80920171016977
2026-06-18T01:43:46,405,0.625,False,True,"(1, 2, 3)",5.475757630966163,96.03785470392195,-3.158765766500196,0.0006938,100,32,4,20,32,4,53,4,10,7,6,0.7240948297613167,0.8071355026610242,10.414342293564818
2026-06-18T02:07:51,419,0.583333,False,True,"(1, 3)",9.23198884782859,60.87459569469332,-2.610527692768908,0.00245173,100,32,4,20,24,4,39,7,12,5,8,0.6333088243864076,0.6223163439383806,31.68276496883082
2026-06-18T02:14:42,420,0.576389,False,True,"(1, 3)",6.0437089623123645,76.07151410473645,-2.152549071393631,0.00703803,100,32,4,20,6,3,54,8,17,4,5,0.5197375307404091,0.7429224267300645,36.33901370209337
2026-06-18T02:26:32,422,0.527778,False,True,"(1, 3)",7.822751605849099,64.65384901707485,-2.113804034617473,0.00769478,100,32,4,20,17,3,20,8,12,6,4,0.17186905982109457,0.8362351961080122,8.72961212007534
2026-06-18T02:46:22,426,0.565972,True,True,"(1, 3)",6.709141579810836,70.39726637957602,-2.7772309722516204,0.0016702,100,32,4,20,30,4,30,8,14,7,4,0.4378447109525376,0.6861780552974073,20.427011016969605
2026-06-18T02:59:37,428,0.564236,False,True,"(1, 3)",2.988588900549053,78.87191145295769,-2.651982405832557,0.00222853,100,32,4,20,20,3,23,7,7,8,5,0.4186349385804583,0.7318727413933619,24.66097016538829
2026-06-18T03:18:11,429,0.59375,False,True,"(1, 3)",8.417892825290423,76.73913215676512,-2.8267595131297227,0.00149019,100,32,4,20,31,4,17,8,17,7,7,0.6795743842824955,0.6466131843592083,10.270061670333684
2026-06-18T03:36:53,430,0.534722,False,True,"(1, 2, 3)",5.5277047975209666,65.99800484693516,-3.0912145241658666,0.00081056,100,32,4,20,30,4,10,6,14,7,5,0.4313978383813586,0.6490577268304327,9.19999104460788
2026-06-18T03:47:23,431,0.571181,False,True,"(1, 2, 3)",11.82265875793399,90.63695526562661,-2.7567977831424004,0.00175066,100,32,4,20,12,4,39,6,17,7,5,0.7146768506161644,0.8756794845351927,8.26098679789053
2026-06-18T04:05:37,433,0.545139,True,True,"(1, 2, 3)",3.462011945684222,102.07905654266274,-3.074298317598605,0.00084276,100,32,4,20,28,4,60,6,11,7,6,0.5946001061639442,0.8277312069985009,15.01431370534435
2026-06-18T04:22:57,438,0.545139,False,True,"(1, 2, 3)",7.46905084348258,76.233730914818,-2.2134522469166047,0.00611713,100,32,4,20,25,3,55,6,21,7,8,0.5443632828367685,0.8560096015324437,37.82941907579513
2026-06-18T04:55:51,440,0.538194,True,True,"(1, 2, 3)",7.159023751685029,75.81961934643842,-2.5954796440462427,0.00253817,100,32,4,20,30,2,26,4,22,8,4,0.6047792628923297,0.7889419521864047,21.924167284218356
2026-06-18T05:12:10,446,0.555556,True,True,"(1, 2, 3)",4.309772600839535,63.99434927321612,-2.0277130853969787,0.00938182,100,32,4,20,19,4,38,7,18,7,6,0.6280736455637008,0.8083054951125446,8.225729005105663
2026-06-18T05:25:32,447,0.592014,False,True,"(1, 2, 3)",9.184556085913695,100.23573926205873,-2.414797078475176,0.00384772,100,32,4,20,18,4,63,6,16,6,7,0.6566875054014032,0.8370111805600157,18.353840369767166
2026-06-18T05:41:38,450,0.595486,False,True,"(1, 2, 3)",6.217421233745898,63.90314870053806,-2.271542453920584,0.00535128,100,32,4,20,28,2,35,5,27,7,4,0.6575452326805676,0.7942602597121947,16.195642448374038
2026-06-18T05:59:24,452,0.550347,False,True,"(1, 2, 3)",12.620217263138017,113.29361950186987,-2.142051269445841,0.00721022,100,32,4,20,26,4,34,5,13,6,7,0.37055805582881507,0.8390248072009333,13.142856488793324
2026-06-18T06:10:21,453,0.559028,True,True,"(1, 2, 3)",7.002602363699181,52.50405812969742,-2.5036237805216235,0.003136,100,32,4,20,14,3,29,5,9,8,8,0.5244899551139386,0.9504118666802932,32.74247374593436
2026-06-18T06:28:33,454,0.572917,False,True,"(1, 2, 3)",7.461055215908139,47.87103059987206,-2.8373034847726455,0.00145444,100,32,4,20,32,3,12,5,31,7,4,0.4983926579329239,0.600174980953637,39.40433477005182
2026-06-18T06:49:36,459,0.532986,True,True,"(1, 2, 3)",10.052447433548362,76.33100970192682,-2.7609523809316836,0.00173399,100,32,4,20,30,4,44,7,28,7,7,0.6566162874875565,0.5076122205165396,16.351445663708187
2026-06-18T07:04:04,461,0.654514,False,True,"(1, 3)",9.98476295628325,86.53992978790373,-2.687453784676054,0.00205374,100,32,4,20,28,2,36,8,4,6,4,0.6059188094480437,0.8835924506750911,7.29815471781145
2026-06-18T07:15:53,463,0.508681,False,True,"(1, 2, 3)",8.295973982194933,66.57861902138963,-2.0993618976447403,0.00795496,100,32,4,20,17,3,11,8,6,8,8,0.43051857275360544,0.9287478343974077,7.766641874352821
2026-06-18T07:32:03,469,0.586806,False,True,"(1, 3)",10.184872446928631,83.07939667118609,-2.37155371444964,0.00425056,100,32,4,20,31,1,29,7,7,7,3,0.664929399793295,0.7235324987372621,11.256076574978977
2026-06-18T07:49:53,470,0.628472,False,True,"(1, 3)",1.8112024638069129,57.745390559568335,-2.7627842006264607,0.0017267,100,32,4,20,28,4,40,6,17,7,5,0.7220470407124576,0.5848269695347875,5.964734209914203
2026-06-18T08:08:26,472,0.538194,True,True,"(1, 2, 3)",4.748553547919067,69.80888271446614,-2.894663816901159,0.00127449,100,32,4,20,25,4,33,6,14,4,8,0.43776892777524845,0.7145521404372577,7.5464999492767895
2026-06-18T08:33:07,481,0.5625,False,True,"(1, 3)",4.16772555203342,65.17732365613138,-2.6282634696234615,0.00235362,100,32,4,20,31,4,41,4,26,7,5,0.7281331643054181,0.5893148577767143,11.823098463011744
2026-06-18T08:49:22,487,0.626736,False,True,"(1, 2, 3)",5.603624405907541,99.73672627322767,-2.486436278655655,0.0032626,100,32,4,20,22,3,37,8,5,6,4,0.6904512788776227,0.8194710982349638,5.941976741901994
2026-06-18T09:00:28,488,0.576389,False,True,"(1, 2, 3)",6.483055320207657,85.56009888333578,-2.341304704753627,0.00455717,100,32,4,20,19,2,36,7,5,6,3,0.6211774648009474,0.6755753210491049,8.932935344330273
2026-06-18T09:12:52,490,0.489583,False,True,"(1, 3)",5.493262082671957,68.11279363520846,-2.63923850167118,0.00229489,100,32,4,20,16,4,43,8,19,3,3,0.4750855434282951,0.812812300397369,9.199420300943713
2026-06-18T09:31:47,501,0.569444,False,True,"(1, 3)",7.602279688253693,102.30858290853214,-2.1877470991012715,0.00649012,100,32,4,20,23,3,37,8,4,5,6,0.5768923485512873,0.9775475474200153,7.325838788265738
2026-06-18T09:49:25,508,0.586806,False,True,"(1, 2, 3)",5.282746069728507,116.94793781795204,-2.7375233023149805,0.00183011,100,32,4,20,21,4,42,8,8,6,4,0.6957372337529631,0.7968129879780651,28.011040406122248
2026-06-18T10:02:10,509,0.628472,False,True,"(1, 3)",10.106612527929236,64.77339755268925,-2.315940655465845,0.00483125,100,32,4,20,21,3,31,8,11,6,5,0.7111287652048208,0.932408739705785,12.096283813174994
2026-06-18T10:23:00,511,0.590278,False,True,"(1, 2, 3)",9.037159626341333,66.58261948779767,-2.807153341764604,0.001559,100,32,4,20,31,4,9,4,13,7,7,0.46473770611537035,0.8169818390467112,16.781169068759375
2026-06-18T10:36:21,514,0.571181,True,True,"(1, 3)",6.735596211841404,103.6563768124002,-2.8127335194528134,0.0015391,100,32,4,20,23,2,42,8,8,7,2,0.34436882353312254,0.9193170175990694,11.017715846215886
2026-06-18T10:55:45,515,0.534722,True,True,"(1, 2, 3)",6.5397097080713795,68.32354283734448,-2.4969598964165396,0.00318449,100,32,4,20,25,4,26,3,14,8,8,0.4203736148044602,0.6713401378891647,19.434617716315326
2026-06-18T11:11:39,519,0.602431,False,True,"(1, 2, 3)",6.785000484201003,81.18971943774993,-2.91674271716767,0.00121132,100,32,4,20,16,4,41,8,16,8,5,0.47939004469344,0.7641315099116743,19.61048523284896
2026-06-18T11:30:25,522,0.512153,False,True,"(1, 3)",5.938613189905814,64.23306615769692,-2.4113695115086276,0.0038782,100,32,4,20,27,4,41,5,17,8,3,0.73077871703631,0.6338020916244727,9.166757986049202
2026-06-18T12:43:11,534,0.602431,True,True,"(1, 2, 3)",5.901723845586294,75.02559255648805,-2.624799781618023,0.00237247,100,32,4,20,16,3,9,7,19,4,8,0.5137133151197756,0.5533722359235643,10.444121210161049
2026-06-18T12:56:35,536,0.574653,False,True,"(1, 2, 3)",8.7816453476768,93.11017529934276,-2.9532718259688453,0.0011136,100,32,4,20,24,2,32,7,9,7,5,0.6634257668227471,0.8504092946295239,15.376215341815895
2026-06-18T13:09:43,537,0.630208,False,True,"(1, 3)",7.99211494958241,53.1586110680621,-2.2299686478601854,0.00588886,100,32,4,20,19,4,28,8,8,6,7,0.5879821590300403,0.756462385017265,6.881365311060446
2026-06-18T13:25:54,540,0.539931,False,True,"(1, 3)",9.838858463483065,62.318700663280744,-2.354230775567716,0.00442353,100,32,4,20,23,4,25,8,6,4,7,0.5776342150128956,0.8273696834242996,15.2866974792592
2026-06-18T13:40:19,542,0.604167,False,True,"(1, 3)",10.495071030007237,54.19478082709955,-2.1461396928354346,0.00714267,100,32,4,20,23,3,35,7,11,7,5,0.6640575186407275,0.9155803334729056,14.6131809947695
2026-06-18T13:55:29,544,0.567708,False,True,"(1, 2, 3)",7.921660969401528,83.14069453945858,-2.2805348653205986,0.00524162,100,32,4,20,24,3,49,6,12,7,7,0.3041779068954154,0.8209162679240322,18.067636924629376
2026-06-18T14:06:47,547,0.592014,False,True,"(1, 2, 3)",2.92052831674002,62.29906446338694,-2.313066078467868,0.00486333,100,32,4,20,17,2,9,8,18,7,7,0.5319332332964773,0.8883697582577423,5.851688020022144
2026-06-18T14:26:33,550,0.522569,False,True,"(1, 2, 3)",10.385509085390208,69.20696892906356,-3.227151038499754,0.00059272,100,32,4,20,29,4,59,6,10,3,7,0.5277054667193609,0.7118336325910372,14.106268698902973
2026-06-18T14:37:37,551,0.420139,False,True,"(1, 2, 3)",5.384710935996869,87.86044279891824,-2.193554865595297,0.00640391,100,32,4,20,15,3,45,6,10,8,6,0.44567324136933495,0.8738672361336494,8.370852340823948
2026-06-18T14:54:34,553,0.494792,False,True,"(1, 3)",9.03636486765599,48.39970234786524,-2.086314790821007,0.00819757,100,32,4,20,26,4,37,8,19,6,8,0.5675110923480686,0.8025080698957088,23.02262574875201
2026-06-18T15:08:53,555,0.574653,False,True,"(1, 3)",3.586161220425587,49.35502370387183,-2.904359155554056,0.00124635,100,32,4,20,20,4,24,7,10,7,8,0.5483666588991748,0.5913732801546197,11.874283904192326
2026-06-18T15:26:00,559,0.546875,False,True,"(1, 2, 3)",8.06315794762706,106.96479912826689,-2.194374633907366,0.00639183,100,32,4,20,22,4,32,6,19,4,4,0.6422991463298943,0.8679266674343237,7.738520991487978
2026-06-18T15:44:49,560,0.621528,True,True,"(1, 2, 3)",8.908850480103187,113.46530453349637,-2.137290048909893,0.0072897,100,32,4,20,30,4,40,6,13,8,7,0.6862259039562734,0.8046397083172323,7.629126030411498
2026-06-18T16:03:45,564,0.600694,True,True,"(1, 2, 3)",11.883407939497,114.8514157078522,-2.7786065151576125,0.00166492,100,32,4,20,27,4,27,7,16,6,8,0.6585341412111202,0.8046364304969512,9.542790581595508
2026-06-18T16:21:45,568,0.527778,False,True,"(1, 2, 3)",7.225745210080548,74.72155722485618,-2.5235736765234975,0.0029952,100,32,4,20,25,3,32,4,32,8,5,0.6001155648591835,0.6638558676027314,7.477266198877653
2026-06-18T16:45:16,580,0.555556,True,True,"(1, 2, 3)",5.312469763965609,105.16831856131556,-2.3939563464378373,0.00403686,100,32,4,20,25,4,45,5,18,7,6,0.7052668301776492,0.8382924956787734,12.914925940969272
2026-06-18T17:08:25,593,0.581597,False,True,"(1, 3)",11.045505569466096,102.2756843806812,-2.5916440945578123,0.00256068,100,32,4,20,32,2,39,8,4,5,4,0.46082331587484776,0.7733746010437847,15.90253276580349
2026-06-18T17:33:49,605,0.553819,False,True,"(1, 3)",6.579301731570668,51.12141023499828,-2.8972222007439252,0.001267,100,32,4,20,30,4,41,6,20,8,4,0.675857494276463,0.5098643855575458,9.07789606718044
2026-06-18T17:47:06,608,0.59375,False,True,"(1, 3)",5.268532105234749,68.21061562716524,-2.0991241136740686,0.00795932,100,32,4,20,17,3,22,5,20,8,8,0.40709661697848243,0.8047996307096342,18.762721485629058
2026-06-18T18:08:35,610,0.548611,True,True,"(1, 2, 3)",10.978539126730409,109.74949506400061,-2.4308226117684697,0.00370832,100,32,4,20,28,4,37,3,5,7,8,0.5197023913401417,0.8173686695114915,8.119630005895718
2026-06-18T18:24:42,614,0.560764,False,True,"(1, 3)",6.364115352231842,45.63287016386668,-2.4040663620611875,0.00394397,100,32,4,20,21,4,31,8,10,5,6,0.5301706452973757,0.6161242730783565,7.754020595444938
2026-06-18T18:44:00,619,0.598958,True,True,"(1, 2, 3)",11.708549263463846,117.12355882551284,-2.049564463436679,0.00892145,100,32,4,20,24,4,51,6,14,8,7,0.5549038948312116,0.7591702729201383,12.291455775345637
2026-06-18T18:59:03,620,0.583333,False,True,"(1, 2, 3)",8.039664723566988,79.15735017802498,-2.849688620940932,0.00141355,100,32,4,20,31,2,21,8,16,6,8,0.4194218190545264,0.5533398774853024,12.346854437427194
2026-06-18T19:14:21,624,0.501736,False,True,"(1, 3)",6.561966685101741,51.527455121464875,-2.08410698469439,0.00823935,100,32,4,20,20,4,43,8,4,7,8,0.6952838206881927,0.8225754915604451,21.501244776467146
2026-06-18T19:27:30,626,0.567708,False,True,"(1, 3)",9.032328562605743,93.74454649688198,-2.0526106160934487,0.0088591,100,32,4,20,27,1,55,7,5,6,6,0.61189168991849,0.8800059172460376,9.22399136573184
2026-06-18T19:41:00,629,0.602431,False,True,"(1, 2, 3)",2.811375656903422,98.92554249009049,-2.449216798027065,0.00355454,100,32,4,20,16,4,41,6,16,6,6,0.5561769232393363,0.8564345763984569,15.114135391160971
2026-06-18T19:57:32,632,0.578125,True,True,"(1, 2, 3)",7.543489891861399,74.59493562185807,-2.8877869718004123,0.00129483,100,32,4,20,21,4,15,5,12,7,7,0.45154809179485317,0.5090957860713634,14.750332863154116
2026-06-18T20:10:35,635,0.595486,False,True,"(1, 2, 3)",8.11320968199681,86.52390347559553,-2.2537768627636225,0.00557472,100,32,4,20,16,4,23,8,6,7,3,0.5314711142605073,0.8338548608938637,5.755059021391781
2026-06-18T20:23:01,638,0.642361,False,True,"(1, 2, 3)",4.960859467732095,73.24153728883877,-3.2702226681783335,0.00053676,100,32,4,20,17,3,53,8,18,5,6,0.6388310716312096,0.7204787295405436,9.270500636385034
2026-06-18T20:42:47,644,0.602431,True,True,"(1, 2, 3)",7.844445910670493,118.15192880688413,-2.484403197516388,0.00327791,100,32,4,20,26,4,33,6,12,8,8,0.7153046727834318,0.7991589604031283,14.722107533429583
2026-06-18T21:03:11,655,0.539931,True,True,"(1, 3)",10.13181268658061,80.18960676518243,-2.5756241004447893,0.0026569,100,32,4,20,26,3,27,7,19,6,7,0.21901389638413782,0.5326341712832107,11.90441182774539
2026-06-18T21:20:39,656,0.526042,False,True,"(1, 2, 3)",10.803050320127946,97.05987689224118,-2.4458435350506713,0.00358225,100,32,4,20,31,3,31,6,18,7,7,0.6364928609964993,0.8190120430159095,20.303331938249254
2026-06-18T21:36:50,661,0.571181,False,True,"(1, 2, 3)",8.796122609982186,69.67382938952667,-2.2363682333822332,0.00580272,100,32,4,20,20,4,54,7,11,5,5,0.5117893064308822,0.6159311957125239,12.612685851000819
2026-06-18T21:53:44,663,0.546875,True,True,"(1, 2, 3)",4.75648227848055,68.2625294338688,-3.054644607606697,0.00088177,100,32,4,20,28,3,33,6,22,5,8,0.358009342292983,0.6223860472165164,26.5168990206874
2026-06-18T22:10:37,665,0.539931,False,True,"(1, 2, 3)",4.524977445978866,84.07028483678096,-2.542503853916167,0.00286745,100,32,4,20,30,2,14,4,23,5,8,0.33398428573898875,0.5206116113345713,14.848143871221128
2026-06-18T22:29:10,670,0.552083,False,True,"(1, 2, 3)",9.262703685288136,93.82613647479045,-2.5832949084642793,0.00261039,100,32,4,20,25,3,35,4,19,7,6,0.41732851997917303,0.8716633833039628,32.65934428197246
2026-06-18T22:44:17,674,0.576389,False,True,"(1, 3)",8.79498058961314,73.1945222949565,-2.4803315829481427,0.00330878,100,32,4,20,23,3,41,8,23,6,5,0.6687858323894537,0.9386938151088619,20.398049052708373
2026-06-18T23:06:30,684,0.498264,True,True,"(1, 3)",3.566037676790585,54.099478931599585,-2.9786523598971106,0.00105038,100,32,4,20,25,4,34,6,21,7,4,0.501196805463999,0.9633456148083082,14.277925019797916
2026-06-18T23:21:56,686,0.541667,True,True,"(1, 3)",11.048322340989106,57.625772287461324,-2.4310952180602707,0.00370599,100,32,4,20,22,4,44,7,15,5,8,0.5939125649851095,0.6521218776426282,7.273414575375892
2026-06-18T23:35:59,688,0.5,False,True,"(1, 3)",8.08600538020651,49.186645527318746,-2.023460524074878,0.00947413,100,32,4,20,20,4,15,8,10,8,7,0.6135052162169035,0.9181178935227333,8.589292153174553
2026-06-18T23:55:42,696,0.598958,False,True,"(1, 3)",8.948140416784973,56.72606459516469,-2.309687270810866,0.00490132,100,32,4,20,22,4,19,8,7,6,8,0.5940899146641345,0.7288901752435971,10.915353573012851
2026-06-19T00:13:14,702,0.585069,True,True,"(1, 3)",2.864152635348214,82.87719535222742,-2.612312415103758,0.00244167,100,32,4,20,28,2,27,7,21,5,6,0.6168966095234578,0.5684879570524517,8.583723285955758
2026-06-19T00:26:16,705,0.505208,False,True,"(1, 2, 3)",9.933960965278574,63.31620412042023,-2.210466684998171,0.00615933,100,32,4,20,22,1,41,4,9,8,8,0.4678275510023068,0.8700895103985216,44.332056885253614
2026-06-19T00:49:27,712,0.583333,True,True,"(1, 3)",8.242451341800972,61.8904741963521,-2.5685118961536837,0.00270077,100,32,4,20,32,4,54,6,20,6,4,0.7262244535583323,0.6609697856056639,41.047203434959165
2026-06-19T01:06:36,716,0.567708,True,True,"(1, 2, 3)",5.294100381839067,92.50175056047411,-2.242330942159434,0.0057236,100,32,4,20,28,2,19,6,22,5,8,0.36638454574054136,0.5758862420728967,14.022806135718334
2026-06-19T01:20:51,723,0.529514,False,True,"(1, 2, 3)",5.71868762968487,82.13588072799223,-2.9410735786911757,0.00114532,100,32,4,20,16,3,59,8,21,5,6,0.4491766957009022,0.7284564389904792,6.45092243423389
2026-06-19T01:32:18,724,0.630208,False,True,"(1, 2, 3)",4.936494379024903,56.11207012853228,-2.199146343044185,0.00632199,100,32,4,20,17,3,10,7,13,8,8,0.5430477183077287,0.9865814164233927,10.100794508593223
2026-06-19T01:44:06,725,0.557292,False,True,"(1, 2, 3)",9.493738682057458,62.09908235818713,-2.880785336102363,0.00131588,100,32,4,20,16,3,27,5,9,8,6,0.4173796337501571,0.9845936745109863,26.528711253319834
2026-06-19T01:59:30,729,0.623264,False,True,"(1, 2, 3)",10.107569048616334,89.57368749061727,-2.258345140532883,0.00551639,100,32,4,20,19,4,38,7,24,7,6,0.6157547650061455,0.9222114272539296,19.74054145095836
2026-06-19T02:13:13,732,0.565972,True,True,"(1, 2, 3)",4.59190374585461,49.00300951223069,-2.516848249898195,0.00304195,100,32,4,20,20,3,49,7,20,5,8,0.73916894951195,0.8418502238699545,8.112519859559523
2026-06-19T02:30:00,733,0.588542,False,True,"(1, 2, 3)",8.201487836168427,108.34486309803178,-2.2124445270615163,0.00613134,100,32,4,20,30,3,42,7,5,6,8,0.5657458011294006,0.8197103003305719,11.327658500896263
2026-06-19T02:47:57,748,0.454861,False,True,"(1, 2, 3)",7.3586533364563405,97.61042063196389,-2.6106187848677123,0.00245121,100,32,4,20,14,4,39,8,21,8,6,0.6733677568133296,0.8996533529841989,26.480589857628534
2026-06-19T03:07:15,762,0.484375,False,True,"(1, 2, 3)",4.636159312636988,88.67177061948992,-3.3783694295573263,0.00041844,100,32,4,20,16,4,50,6,23,5,6,0.6732020056891692,0.7344580074782707,7.50244511270018
2026-06-19T03:27:23,770,0.439236,False,True,"(1, 2, 3)",8.861121775310641,104.27623247583175,-2.4499166427230503,0.00354881,100,32,4,20,25,4,31,7,26,7,6,0.5213234160270903,0.9008594536665837,27.827079830757015
2026-06-19T03:44:59,780,0.578125,False,True,"(1, 3)",5.114107620163145,50.21745091259539,-2.2240798189375246,0.00596926,100,32,4,20,18,4,36,8,12,6,7,0.6685215241541835,0.6741556909660925,11.827502899565365
2026-06-19T04:01:48,786,0.569444,False,True,"(1, 2, 3)",7.329264753171019,64.08788454914324,-2.962950332707753,0.00108905,100,32,4,20,24,3,25,8,10,8,4,0.6741085527841844,0.732810328219695,14.401671611758898
2026-06-19T04:16:02,788,0.628472,False,True,"(1, 2, 3)",2.1160273968166656,78.9312297631826,-3.006779073118426,0.00098451,100,32,4,20,23,3,52,8,23,6,6,0.7217283704254941,0.7022861183488976,5.512797426922544
2026-06-19T04:31:54,789,0.571181,False,True,"(1, 2, 3)",2.107790360601064,100.11173582600927,-2.216489270768982,0.0060745,100,32,4,20,24,4,42,7,22,6,7,0.7367866763365756,0.7298643334400272,11.416479562606401
2026-06-19T04:46:56,791,0.59375,False,True,"(1, 2, 3)",5.692661597137521,87.6044265232932,-3.0443502423515283,0.00090292,100,32,4,20,24,3,33,7,23,6,6,0.6526647115969098,0.633630389022425,10.446067948547023
2026-06-19T05:06:18,792,0.604167,False,True,"(1, 3)",8.468467262119457,71.23673295820922,-3.2173109953564207,0.0006063,100,32,4,20,32,4,31,8,16,4,3,0.6326152344088601,0.80036907480706,18.54323876517047
2026-06-19T05:22:38,796,0.409722,True,True,"(1, 3)",6.881578417947941,61.67610735703869,-2.489363850251465,0.00324068,100,32,4,20,22,4,31,8,20,4,5,0.5980882909750088,0.8929189498819399,10.772298791133581
2026-06-19T05:42:02,807,0.539931,False,True,"(1, 2, 3)",11.13771348299858,45.009915753708725,-2.256866309860285,0.0055352,100,32,4,20,27,2,52,8,14,6,7,0.5090039456959436,0.7795160311979504,7.608262012725368
2026-06-19T05:58:49,816,0.517361,False,True,"(1, 2, 3)",7.6453672338032215,97.1614933922683,-2.965625914315636,0.00108237,100,32,4,20,19,3,59,8,21,4,5,0.6470929844101464,0.5864712388244461,7.041439552796273
2026-06-19T06:12:07,818,0.564236,False,True,"(1, 2, 3)",11.676106583431384,48.45660751292168,-2.2180620285690607,0.00605254,100,32,4,20,20,3,13,7,11,7,7,0.4493099566760253,0.989243920576667,15.333213511639523
2026-06-19T06:47:19,847,0.564236,False,True,"(1, 2, 3)",6.9812891744526295,102.34857974275734,-2.204339414138925,0.00624684,100,32,4,20,27,4,25,6,9,8,6,0.5382688901688393,0.8451562732206747,6.118272331239
2026-06-19T06:59:15,850,0.612847,False,True,"(1, 2, 3)",8.150748672341011,49.018492481929925,-2.489296990758338,0.00324118,100,32,4,20,15,3,13,7,16,7,8,0.5368202373461956,0.9704805335459472,25.545607822812354
2026-06-19T07:17:14,855,0.602431,False,True,"(1, 2, 3)",8.76226849113749,110.32342536553432,-2.4807933939553597,0.00330527,100,32,4,20,29,3,17,8,4,7,5,0.7122850521493986,0.7738548162775606,10.397899107315814
2026-06-19T07:32:36,856,0.553819,False,True,"(1, 3)",4.173237728116966,66.08190857924286,-2.6527646752033127,0.00222451,100,32,4,20,26,3,21,7,30,3,4,0.6113701773387998,0.7702368733174814,6.866102227682745
2026-06-19T07:45:49,857,0.529514,False,True,"(1, 2, 3)",9.256640247112346,59.109525386646425,-2.1413693569781564,0.00722155,100,32,4,20,21,3,17,7,20,6,8,0.5837452938716547,0.8039225805112056,57.07320627054656
2026-06-19T07:59:33,859,0.598958,False,True,"(1, 3)",6.967950238290182,118.12626703696479,-2.4056462462203774,0.00392965,100,32,4,20,21,3,60,7,22,6,5,0.7009194210776554,0.7826962627703102,9.92845094697067
2026-06-19T08:16:55,862,0.546875,True,True,"(1, 3)",5.71859835840335,116.35437316852472,-3.1218133563476833,0.00075542,100,32,4,20,26,4,43,8,21,6,7,0.460616767299222,0.7351071977620963,26.250768632679332
2026-06-19T08:32:45,864,0.564236,True,True,"(1, 2, 3)",5.359794859387696,82.79247175327596,-2.692235361622135,0.00203126,100,32,4,20,26,3,25,6,24,7,8,0.41894256871366115,0.6481631898644313,5.127007599668104
2026-06-19T08:47:03,870,0.592014,False,True,"(1, 2, 3)",4.259476843245739,108.29032738273509,-2.147969309828356,0.00711264,100,32,4,20,14,4,43,6,25,7,7,0.614941672482154,0.9386202514688743,8.08739873166864
2026-06-19T09:07:01,876,0.597222,False,True,"(1, 2, 3)",10.306598255807183,100.32913425417456,-2.198395644058885,0.00633293,100,32,4,20,28,4,27,7,13,7,8,0.6259120648396843,0.6368370285558542,16.930271483553327
2026-06-19T09:24:01,892,0.565972,False,True,"(1, 2, 3)",9.53266139533578,67.11083365837668,-2.1502573439652704,0.00707526,100,32,4,20,10,3,16,6,16,8,8,0.4551820304104572,0.9474515612868889,7.471198887681821
